{
  "AD": {
    "country": "Andorra",
    "capital": "Andorra la Vella",
    "timeZone": "Europe/Andorra",
    "hasChannels": true
  },
  "AE": {
    "country": "United Arab Emirates",
    "capital": "Abu Dhabi",
    "timeZone": "Asia/Dubai",
    "hasChannels": true
  },
  "AF": {
    "country": "Afghanistan",
    "capital": "Kabul",
    "timeZone": "Asia/Kabul",
    "hasChannels": true
  },
  "AG": {
    "country": "Antigua and Barbuda",
    "capital": "St. John's",
    "timeZone": "America/Antigua",
    "hasChannels": false
  },
  "AI": {
    "country": "Anguilla",
    "capital": "The Valley",
    "timeZone": "America/Anguilla",
    "hasChannels": false
  },
  "AL": {
    "country": "Albania",
    "capital": "Tirana",
    "timeZone": "Europe/Tirane",
    "hasChannels": true
  },
  "AM": {
    "country": "Armenia",
    "capital": "Yerevan",
    "timeZone": "Asia/Yerevan",
    "hasChannels": true
  },
  "AO": {
    "country": "Angola",
    "capital": "Luanda",
    "timeZone": "Africa/Luanda",
    "hasChannels": true
  },
  "AR": {
    "country": "Argentina",
    "capital": "Buenos Aires",
    "timeZone": "America/Argentina/Buenos_Aires",
    "hasChannels": true
  },
  "AS": {
    "country": "American Samoa",
    "capital": "Pago Pago",
    "timeZone": "Pacific/Pago_Pago",
    "hasChannels": false
  },
  "AT": {
    "country": "Austria",
    "capital": "Vienna",
    "timeZone": "Europe/Vienna",
    "hasChannels": true
  },
  "AU": {
    "country": "Australia",
    "capital": "Canberra",
    "timeZone": "Australia/Sydney",
    "hasChannels": true
  },
  "AW": {
    "country": "Aruba",
    "capital": "Oranjestad",
    "timeZone": "America/Aruba",
    "hasChannels": true
  },
  "AX": {
    "country": "Åland Islands",
    "capital": "Mariehamn",
    "timeZone": "Europe/Helsinki",
    "hasChannels": false
  },
  "AZ": {
    "country": "Azerbaijan",
    "capital": "Baku",
    "timeZone": "Asia/Baku",
    "hasChannels": true
  },
  "BA": {
    "country": "Bosnia and Herzegovina",
    "capital": "Sarajevo",
    "timeZone": "Europe/Sarajevo",
    "hasChannels": true
  },
  "BB": {
    "country": "Barbados",
    "capital": "Bridgetown",
    "timeZone": "America/Barbados",
    "hasChannels": false
  },
  "BD": {
    "country": "Bangladesh",
    "capital": "Dhaka",
    "timeZone": "Asia/Dhaka",
    "hasChannels": true
  },
  "BE": {
    "country": "Belgium",
    "capital": "Brussels",
    "timeZone": "Europe/Brussels",
    "hasChannels": true
  },
  "BF": {
    "country": "Burkina Faso",
    "capital": "Ouagadougou",
    "timeZone": "Africa/Ouagadougou",
    "hasChannels": true
  },
  "BG": {
    "country": "Bulgaria",
    "capital": "Sofia",
    "timeZone": "Europe/Sofia",
    "hasChannels": true
  },
  "BH": {
    "country": "Bahrain",
    "capital": "Manama",
    "timeZone": "Asia/Bahrain",
    "hasChannels": true
  },
  "BI": {
    "country": "Burundi",
    "capital": "Bujumbura",
    "timeZone": "Africa/Bujumbura",
    "hasChannels": false
  },
  "BJ": {
    "country": "Benin",
    "capital": "Porto-Novo",
    "timeZone": "Africa/Porto-Novo",
    "hasChannels": true
  },
  "BL": {
    "country": "Saint Barthélemy",
    "capital": "Gustavia",
    "timeZone": "America/St_Barthelemy",
    "hasChannels": false
  },
  "BM": {
    "country": "Bermuda",
    "capital": "Hamilton",
    "timeZone": "Atlantic/Bermuda",
    "hasChannels": true
  },
  "BN": {
    "country": "Brunei",
    "capital": "Bandar Seri Begawan",
    "timeZone": "Asia/Brunei",
    "hasChannels": true
  },
  "BO": {
    "country": "Bolivia",
    "capital": "Sucre",
    "timeZone": "America/La_Paz",
    "hasChannels": true
  },
  "BQ": {
    "country": "Bonaire",
    "capital": "Kralendijk",
    "timeZone": "America/Kralendijk",
    "hasChannels": true
  },
  "BR": {
    "country": "Brazil",
    "capital": "Brasília",
    "timeZone": "America/Sao_Paulo",
    "hasChannels": true
  },
  "BS": {
    "country": "Bahamas",
    "capital": "Nassau",
    "timeZone": "America/Nassau",
    "hasChannels": true
  },
  "BT": {
    "country": "Bhutan",
    "capital": "Thimphu",
    "timeZone": "Asia/Thimphu",
    "hasChannels": false
  },
  "BV": {
    "country": "Bouvet Island",
    "capital": "",
    "timeZone": "",
    "hasChannels": false
  },
  "BW": {
    "country": "Botswana",
    "capital": "Gaborone",
    "timeZone": "Africa/Gaborone",
    "hasChannels": false
  },
  "BY": {
    "country": "Belarus",
    "capital": "Minsk",
    "timeZone": "Europe/Minsk",
    "hasChannels": true
  },
  "BZ": {
    "country": "Belize",
    "capital": "Belmopan",
    "timeZone": "America/Belize",
    "hasChannels": false
  },
  "CA": {
    "country": "Canada",
    "capital": "Ottawa",
    "timeZone": "America/Toronto",
    "hasChannels": true
  },
  "CC": {
    "country": "Cocos (Keeling) Islands",
    "capital": "West Island",
    "timeZone": "Indian/Cocos",
    "hasChannels": false
  },
  "CD": {
    "country": "DR Congo",
    "capital": "Kinshasa",
    "timeZone": "Africa/Kinshasa",
    "hasChannels": true
  },
  "CF": {
    "country": "Central African Republic",
    "capital": "Bangui",
    "timeZone": "Africa/Bangui",
    "hasChannels": false
  },
  "CG": {
    "country": "Congo",
    "capital": "Brazzaville",
    "timeZone": "Africa/Brazzaville",
    "hasChannels": false
  },
  "CH": {
    "country": "Switzerland",
    "capital": "Bern",
    "timeZone": "Europe/Zurich",
    "hasChannels": true
  },
  "CI": {
    "country": "Ivory Coast",
    "capital": "Yamoussoukro",
    "timeZone": "Africa/Abidjan",
    "hasChannels": true
  },
  "CK": {
    "country": "Cook Islands",
    "capital": "Avarua",
    "timeZone": "Pacific/Rarotonga",
    "hasChannels": false
  },
  "CL": {
    "country": "Chile",
    "capital": "Santiago",
    "timeZone": "America/Santiago",
    "hasChannels": true
  },
  "CM": {
    "country": "Cameroon",
    "capital": "Yaoundé",
    "timeZone": "Africa/Douala",
    "hasChannels": true
  },
  "CN": {
    "country": "China",
    "capital": "Beijing",
    "timeZone": "Asia/Shanghai",
    "hasChannels": true
  },
  "CO": {
    "country": "Colombia",
    "capital": "Bogotá",
    "timeZone": "America/Bogota",
    "hasChannels": true
  },
  "CR": {
    "country": "Costa Rica",
    "capital": "San José",
    "timeZone": "America/Costa_Rica",
    "hasChannels": true
  },
  "CU": {
    "country": "Cuba",
    "capital": "Havana",
    "timeZone": "America/Havana",
    "hasChannels": true
  },
  "CV": {
    "country": "Cape Verde",
    "capital": "Praia",
    "timeZone": "Atlantic/Cape_Verde",
    "hasChannels": true
  },
  "CW": {
    "country": "Curaçao",
    "capital": "Willemstad",
    "timeZone": "America/Curacao",
    "hasChannels": true
  },
  "CY": {
    "country": "Cyprus",
    "capital": "Nicosia",
    "timeZone": "Asia/Nicosia",
    "hasChannels": true
  },
  "CZ": {
    "country": "Czechia",
    "capital": "Prague",
    "timeZone": "Europe/Prague",
    "hasChannels": true
  },
  "DE": {
    "country": "Germany",
    "capital": "Berlin",
    "timeZone": "Europe/Berlin",
    "hasChannels": true
  },
  "DJ": {
    "country": "Djibouti",
    "capital": "Djibouti",
    "timeZone": "Africa/Djibouti",
    "hasChannels": true
  },
  "DK": {
    "country": "Denmark",
    "capital": "Copenhagen",
    "timeZone": "Europe/Copenhagen",
    "hasChannels": true
  },
  "DM": {
    "country": "Dominica",
    "capital": "Roseau",
    "timeZone": "America/Dominica",
    "hasChannels": false
  },
  "DO": {
    "country": "Dominican Republic",
    "capital": "Santo Domingo",
    "timeZone": "America/Santo_Domingo",
    "hasChannels": true
  },
  "DZ": {
    "country": "Algeria",
    "capital": "Algiers",
    "timeZone": "Africa/Algiers",
    "hasChannels": true
  },
  "EC": {
    "country": "Ecuador",
    "capital": "Quito",
    "timeZone": "America/Guayaquil",
    "hasChannels": true
  },
  "EE": {
    "country": "Estonia",
    "capital": "Tallinn",
    "timeZone": "Europe/Tallinn",
    "hasChannels": true
  },
  "EG": {
    "country": "Egypt",
    "capital": "Cairo",
    "timeZone": "Africa/Cairo",
    "hasChannels": true
  },
  "EH": {
    "country": "Western Sahara",
    "capital": "El Aaiún",
    "timeZone": "Africa/El_Aaiun",
    "hasChannels": true
  },
  "ER": {
    "country": "Eritrea",
    "capital": "Asmara",
    "timeZone": "Africa/Asmara",
    "hasChannels": true
  },
  "ES": {
    "country": "Spain",
    "capital": "Madrid",
    "timeZone": "Europe/Madrid",
    "hasChannels": true
  },
  "ET": {
    "country": "Ethiopia",
    "capital": "Addis Ababa",
    "timeZone": "Africa/Addis_Ababa",
    "hasChannels": true
  },
  "FI": {
    "country": "Finland",
    "capital": "Helsinki",
    "timeZone": "Europe/Helsinki",
    "hasChannels": true
  },
  "FJ": {
    "country": "Fiji",
    "capital": "Suva",
    "timeZone": "Pacific/Fiji",
    "hasChannels": false
  },
  "FK": {
    "country": "Falkland Islands",
    "capital": "Stanley",
    "timeZone": "Atlantic/Stanley",
    "hasChannels": false
  },
  "FM": {
    "country": "Micronesia",
    "capital": "Palikir",
    "timeZone": "Pacific/Pohnpei",
    "hasChannels": false
  },
  "FO": {
    "country": "Faroe Islands",
    "capital": "Tórshavn",
    "timeZone": "Atlantic/Faroe",
    "hasChannels": true
  },
  "FR": {
    "country": "France",
    "capital": "Paris",
    "timeZone": "Europe/Paris",
    "hasChannels": true
  },
  "GA": {
    "country": "Gabon",
    "capital": "Libreville",
    "timeZone": "Africa/Libreville",
    "hasChannels": false
  },
  "GB": {
    "country": "United Kingdom",
    "capital": "London",
    "timeZone": "Europe/London",
    "hasChannels": false
  },
  "GD": {
    "country": "Grenada",
    "capital": "St. George's",
    "timeZone": "America/Grenada",
    "hasChannels": false
  },
  "GE": {
    "country": "Georgia",
    "capital": "Tbilisi",
    "timeZone": "Asia/Tbilisi",
    "hasChannels": true
  },
  "GF": {
    "country": "French Guiana",
    "capital": "Cayenne",
    "timeZone": "America/Cayenne",
    "hasChannels": false
  },
  "GG": {
    "country": "Guernsey",
    "capital": "St. Peter Port",
    "timeZone": "Europe/Guernsey",
    "hasChannels": false
  },
  "GH": {
    "country": "Ghana",
    "capital": "Accra",
    "timeZone": "Africa/Accra",
    "hasChannels": true
  },
  "GL": {
    "country": "Greenland",
    "capital": "Nuuk",
    "timeZone": "America/Nuuk",
    "hasChannels": true
  },
  "GM": {
    "country": "Gambia",
    "capital": "Banjul",
    "timeZone": "Africa/Banjul",
    "hasChannels": true
  },
  "GN": {
    "country": "Guinea",
    "capital": "Conakry",
    "timeZone": "Africa/Conakry",
    "hasChannels": true
  },
  "GP": {
    "country": "Guadeloupe",
    "capital": "Basse-Terre",
    "timeZone": "America/Guadeloupe",
    "hasChannels": true
  },
  "GQ": {
    "country": "Equatorial Guinea",
    "capital": "Malabo",
    "timeZone": "Africa/Malabo",
    "hasChannels": true
  },
  "GR": {
    "country": "Greece",
    "capital": "Athens",
    "timeZone": "Europe/Athens",
    "hasChannels": true
  },
  "GS": {
    "country": "South Georgia and the South Sandwich Islands",
    "capital": "King Edward Point",
    "timeZone": "Atlantic/South_Georgia",
    "hasChannels": false
  },
  "GT": {
    "country": "Guatemala",
    "capital": "Guatemala City",
    "timeZone": "America/Guatemala",
    "hasChannels": true
  },
  "GU": {
    "country": "Guam",
    "capital": "Hagåtña",
    "timeZone": "Pacific/Guam",
    "hasChannels": true
  },
  "GW": {
    "country": "Guinea-Bissau",
    "capital": "Bissau",
    "timeZone": "Africa/Bissau",
    "hasChannels": false
  },
  "GY": {
    "country": "Guyana",
    "capital": "Georgetown",
    "timeZone": "America/Guyana",
    "hasChannels": true
  },
  "HK": {
    "country": "Hong Kong",
    "capital": "Hong Kong",
    "timeZone": "Asia/Hong_Kong",
    "hasChannels": true
  },
  "HN": {
    "country": "Honduras",
    "capital": "Tegucigalpa",
    "timeZone": "America/Tegucigalpa",
    "hasChannels": true
  },
  "HR": {
    "country": "Croatia",
    "capital": "Zagreb",
    "timeZone": "Europe/Zagreb",
    "hasChannels": true
  },
  "HT": {
    "country": "Haiti",
    "capital": "Port-au-Prince",
    "timeZone": "America/Port-au-Prince",
    "hasChannels": true
  },
  "HU": {
    "country": "Hungary",
    "capital": "Budapest",
    "timeZone": "Europe/Budapest",
    "hasChannels": true
  },
  "ID": {
    "country": "Indonesia",
    "capital": "Jakarta",
    "timeZone": "Asia/Jakarta",
    "hasChannels": true
  },
  "IE": {
    "country": "Ireland",
    "capital": "Dublin",
    "timeZone": "Europe/Dublin",
    "hasChannels": true
  },
  "IL": {
    "country": "Israel",
    "capital": "Jerusalem",
    "timeZone": "Asia/Jerusalem",
    "hasChannels": true
  },
  "IN": {
    "country": "India",
    "capital": "New Delhi",
    "timeZone": "Asia/Kolkata",
    "hasChannels": true
  },
  "IO": {
    "country": "British Indian Ocean Territory",
    "capital": "Diego Garcia",
    "timeZone": "Indian/Chagos",
    "hasChannels": false
  },
  "IQ": {
    "country": "Iraq",
    "capital": "Baghdad",
    "timeZone": "Asia/Baghdad",
    "hasChannels": true
  },
  "IR": {
    "country": "Iran",
    "capital": "Tehran",
    "timeZone": "Asia/Tehran",
    "hasChannels": true
  },
  "IS": {
    "country": "Iceland",
    "capital": "Reykjavik",
    "timeZone": "Atlantic/Reykjavik",
    "hasChannels": true
  },
  "IT": {
    "country": "Italy",
    "capital": "Rome",
    "timeZone": "Europe/Rome",
    "hasChannels": true
  },
  "JM": {
    "country": "Jamaica",
    "capital": "Kingston",
    "timeZone": "America/Jamaica",
    "hasChannels": true
  },
  "JO": {
    "country": "Jordan",
    "capital": "Amman",
    "timeZone": "Asia/Amman",
    "hasChannels": true
  },
  "JP": {
    "country": "Japan",
    "capital": "Tokyo",
    "timeZone": "Asia/Tokyo",
    "hasChannels": true
  },
  "KE": {
    "country": "Kenya",
    "capital": "Nairobi",
    "timeZone": "Africa/Nairobi",
    "hasChannels": true
  },
  "KG": {
    "country": "Kyrgyzstan",
    "capital": "Bishkek",
    "timeZone": "Asia/Bishkek",
    "hasChannels": false
  },
  "KH": {
    "country": "Cambodia",
    "capital": "Phnom Penh",
    "timeZone": "Asia/Phnom_Penh",
    "hasChannels": true
  },
  "KI": {
    "country": "Kiribati",
    "capital": "Tarawa",
    "timeZone": "Pacific/Tarawa",
    "hasChannels": false
  },
  "KM": {
    "country": "Comoros",
    "capital": "Moroni",
    "timeZone": "Indian/Comoro",
    "hasChannels": false
  },
  "KN": {
    "country": "Saint Kitts and Nevis",
    "capital": "Basseterre",
    "timeZone": "America/St_Kitts",
    "hasChannels": true
  },
  "KP": {
    "country": "North Korea",
    "capital": "Pyongyang",
    "timeZone": "Asia/Pyongyang",
    "hasChannels": false
  },
  "KR": {
    "country": "South Korea",
    "capital": "Seoul",
    "timeZone": "Asia/Seoul",
    "hasChannels": true
  },
  "KW": {
    "country": "Kuwait",
    "capital": "Kuwait City",
    "timeZone": "Asia/Kuwait",
    "hasChannels": true
  },
  "KY": {
    "country": "Cayman Islands",
    "capital": "George Town",
    "timeZone": "America/Cayman",
    "hasChannels": false
  },
  "KZ": {
    "country": "Kazakhstan",
    "capital": "Nur-Sultan",
    "timeZone": "Asia/Almaty",
    "hasChannels": true
  },
  "LA": {
    "country": "Laos",
    "capital": "Vientiane",
    "timeZone": "Asia/Vientiane",
    "hasChannels": true
  },
  "LB": {
    "country": "Lebanon",
    "capital": "Beirut",
    "timeZone": "Asia/Beirut",
    "hasChannels": true
  },
  "LC": {
    "country": "Saint Lucia",
    "capital": "Castries",
    "timeZone": "America/St_Lucia",
    "hasChannels": false
  },
  "LI": {
    "country": "Liechtenstein",
    "capital": "Vaduz",
    "timeZone": "Europe/Vaduz",
    "hasChannels": false
  },
  "LK": {
    "country": "Sri Lanka",
    "capital": "Sri Jayawardenepura Kotte",
    "timeZone": "Asia/Colombo",
    "hasChannels": true
  },
  "LR": {
    "country": "Liberia",
    "capital": "Monrovia",
    "timeZone": "Africa/Monrovia",
    "hasChannels": false
  },
  "LS": {
    "country": "Lesotho",
    "capital": "Maseru",
    "timeZone": "Africa/Maseru",
    "hasChannels": false
  },
  "LT": {
    "country": "Lithuania",
    "capital": "Vilnius",
    "timeZone": "Europe/Vilnius",
    "hasChannels": true
  },
  "LU": {
    "country": "Luxembourg",
    "capital": "Luxembourg",
    "timeZone": "Europe/Luxembourg",
    "hasChannels": true
  },
  "LV": {
    "country": "Latvia",
    "capital": "Riga",
    "timeZone": "Europe/Riga",
    "hasChannels": true
  },
  "LY": {
    "country": "Libya",
    "capital": "Tripoli",
    "timeZone": "Africa/Tripoli",
    "hasChannels": true
  },
  "MA": {
    "country": "Morocco",
    "capital": "Rabat",
    "timeZone": "Africa/Casablanca",
    "hasChannels": true
  },
  "MC": {
    "country": "Monaco",
    "capital": "Monaco",
    "timeZone": "Europe/Monaco",
    "hasChannels": true
  },
  "MD": {
    "country": "Moldova",
    "capital": "Chisinau",
    "timeZone": "Europe/Chisinau",
    "hasChannels": true
  },
  "ME": {
    "country": "Montenegro",
    "capital": "Podgorica",
    "timeZone": "Europe/Podgorica",
    "hasChannels": true
  },
  "MG": {
    "country": "Madagascar",
    "capital": "Antananarivo",
    "timeZone": "Indian/Antananarivo",
    "hasChannels": false
  },
  "MH": {
    "country": "Marshall Islands",
    "capital": "Majuro",
    "timeZone": "Pacific/Majuro",
    "hasChannels": false
  },
  "MK": {
    "country": "North Macedonia",
    "capital": "Skopje",
    "timeZone": "Europe/Skopje",
    "hasChannels": true
  },
  "ML": {
    "country": "Mali",
    "capital": "Bamako",
    "timeZone": "Africa/Bamako",
    "hasChannels": true
  },
  "MM": {
    "country": "Myanmar",
    "capital": "Nay Pyi Taw",
    "timeZone": "Asia/Yangon",
    "hasChannels": true
  },
  "MN": {
    "country": "Mongolia",
    "capital": "Ulaanbaatar",
    "timeZone": "Asia/Ulaanbaatar",
    "hasChannels": true
  },
  "MO": {
    "country": "Macau",
    "capital": "Macau",
    "timeZone": "Asia/Macau",
    "hasChannels": false
  },
  "MP": {
    "country": "Northern Mariana Islands",
    "capital": "Saipan",
    "timeZone": "Pacific/Saipan",
    "hasChannels": false
  },
  "MQ": {
    "country": "Martinique",
    "capital": "Fort-de-France",
    "timeZone": "America/Martinique",
    "hasChannels": true
  },
  "MR": {
    "country": "Mauritania",
    "capital": "Nouakchott",
    "timeZone": "Africa/Nouakchott",
    "hasChannels": false
  },
  "MS": {
    "country": "Montserrat",
    "capital": "Plymouth",
    "timeZone": "America/Montserrat",
    "hasChannels": false
  },
  "MT": {
    "country": "Malta",
    "capital": "Valletta",
    "timeZone": "Europe/Malta",
    "hasChannels": true
  },
  "MU": {
    "country": "Mauritius",
    "capital": "Port Louis",
    "timeZone": "Indian/Mauritius",
    "hasChannels": true
  },
  "MV": {
    "country": "Maldives",
    "capital": "Malé",
    "timeZone": "Indian/Maldives",
    "hasChannels": true
  },
  "MW": {
    "country": "Malawi",
    "capital": "Lilongwe",
    "timeZone": "Africa/Blantyre",
    "hasChannels": false
  },
  "MX": {
    "country": "Mexico",
    "capital": "Mexico City",
    "timeZone": "America/Mexico_City",
    "hasChannels": true
  },
  "MY": {
    "country": "Malaysia",
    "capital": "Kuala Lumpur",
    "timeZone": "Asia/Kuala_Lumpur",
    "hasChannels": true
  },
  "MZ": {
    "country": "Mozambique",
    "capital": "Maputo",
    "timeZone": "Africa/Maputo",
    "hasChannels": true
  },
  "NA": {
    "country": "Namibia",
    "capital": "Windhoek",
    "timeZone": "Africa/Windhoek",
    "hasChannels": true
  },
  "NC": {
    "country": "New Caledonia",
    "capital": "Nouméa",
    "timeZone": "Pacific/Noumea",
    "hasChannels": false
  },
  "NE": {
    "country": "Niger",
    "capital": "Niamey",
    "timeZone": "Africa/Niamey",
    "hasChannels": false
  },
  "NF": {
    "country": "Norfolk Island",
    "capital": "Kingston",
    "timeZone": "Pacific/Norfolk",
    "hasChannels": false
  },
  "NG": {
    "country": "Nigeria",
    "capital": "Abuja",
    "timeZone": "Africa/Lagos",
    "hasChannels": true
  },
  "NI": {
    "country": "Nicaragua",
    "capital": "Managua",
    "timeZone": "America/Managua",
    "hasChannels": true
  },
  "NL": {
    "country": "Netherlands",
    "capital": "Amsterdam",
    "timeZone": "Europe/Amsterdam",
    "hasChannels": true
  },
  "NO": {
    "country": "Norway",
    "capital": "Oslo",
    "timeZone": "Europe/Oslo",
    "hasChannels": true
  },
  "NP": {
    "country": "Nepal",
    "capital": "Kathmandu",
    "timeZone": "Asia/Kathmandu",
    "hasChannels": true
  },
  "NR": {
    "country": "Nauru",
    "capital": "Yaren",
    "timeZone": "Pacific/Nauru",
    "hasChannels": false
  },
  "NU": {
    "country": "Niue",
    "capital": "Alofi",
    "timeZone": "Pacific/Niue",
    "hasChannels": false
  },
  "NZ": {
    "country": "New Zealand",
    "capital": "Wellington",
    "timeZone": "Pacific/Auckland",
    "hasChannels": true
  },
  "OM": {
    "country": "Oman",
    "capital": "Muscat",
    "timeZone": "Asia/Muscat",
    "hasChannels": true
  },
  "PA": {
    "country": "Panama",
    "capital": "Panama City",
    "timeZone": "America/Panama",
    "hasChannels": true
  },
  "PE": {
    "country": "Peru",
    "capital": "Lima",
    "timeZone": "America/Lima",
    "hasChannels": true
  },
  "PF": {
    "country": "French Polynesia",
    "capital": "Papeete",
    "timeZone": "Pacific/Tahiti",
    "hasChannels": false
  },
  "PG": {
    "country": "Papua New Guinea",
    "capital": "Port Moresby",
    "timeZone": "Pacific/Port_Moresby",
    "hasChannels": false
  },
  "PH": {
    "country": "Philippines",
    "capital": "Manila",
    "timeZone": "Asia/Manila",
    "hasChannels": true
  },
  "PK": {
    "country": "Pakistan",
    "capital": "Islamabad",
    "timeZone": "Asia/Karachi",
    "hasChannels": true
  },
  "PL": {
    "country": "Poland",
    "capital": "Warsaw",
    "timeZone": "Europe/Warsaw",
    "hasChannels": true
  },
  "PM": {
    "country": "Saint Pierre and Miquelon",
    "capital": "Saint-Pierre",
    "timeZone": "America/Miquelon",
    "hasChannels": false
  },
  "PN": {
    "country": "Pitcairn Islands",
    "capital": "Adamstown",
    "timeZone": "Pacific/Pitcairn",
    "hasChannels": false
  },
  "PR": {
    "country": "Puerto Rico",
    "capital": "San Juan",
    "timeZone": "America/Puerto_Rico",
    "hasChannels": true
  },
  "PS": {
    "country": "Palestine",
    "capital": "East Jerusalem",
    "timeZone": "Asia/Hebron",
    "hasChannels": true
  },
  "PT": {
    "country": "Portugal",
    "capital": "Lisbon",
    "timeZone": "Europe/Lisbon",
    "hasChannels": true
  },
  "PW": {
    "country": "Palau",
    "capital": "Melekeok",
    "timeZone": "Pacific/Palau",
    "hasChannels": false
  },
  "PY": {
    "country": "Paraguay",
    "capital": "Asunción",
    "timeZone": "America/Asuncion",
    "hasChannels": true
  },
  "QA": {
    "country": "Qatar",
    "capital": "Doha",
    "timeZone": "Asia/Qatar",
    "hasChannels": true
  },
  "RE": {
    "country": "Réunion",
    "capital": "Saint-Denis",
    "timeZone": "Indian/Reunion",
    "hasChannels": false
  },
  "RO": {
    "country": "Romania",
    "capital": "Bucharest",
    "timeZone": "Europe/Bucharest",
    "hasChannels": true
  },
  "RS": {
    "country": "Serbia",
    "capital": "Belgrade",
    "timeZone": "Europe/Belgrade",
    "hasChannels": true
  },
  "RU": {
    "country": "Russia",
    "capital": "Moscow",
    "timeZone": "Europe/Moscow",
    "hasChannels": true
  },
  "RW": {
    "country": "Rwanda",
    "capital": "Kigali",
    "timeZone": "Africa/Kigali",
    "hasChannels": true
  },
  "SA": {
    "country": "Saudi Arabia",
    "capital": "Riyadh",
    "timeZone": "Asia/Riyadh",
    "hasChannels": true
  },
  "SB": {
    "country": "Solomon Islands",
    "capital": "Honiara",
    "timeZone": "Pacific/Guadalcanal",
    "hasChannels": false
  },
  "SC": {
    "country": "Seychelles",
    "capital": "Victoria",
    "timeZone": "Indian/Mahe",
    "hasChannels": false
  },
  "SD": {
    "country": "Sudan",
    "capital": "Khartoum",
    "timeZone": "Africa/Khartoum",
    "hasChannels": true
  },
  "SE": {
    "country": "Sweden",
    "capital": "Stockholm",
    "timeZone": "Europe/Stockholm",
    "hasChannels": true
  },
  "SG": {
    "country": "Singapore",
    "capital": "Singapore",
    "timeZone": "Asia/Singapore",
    "hasChannels": true
  },
  "SH": {
    "country": "Saint Helena",
    "capital": "Jamestown",
    "timeZone": "Atlantic/St_Helena",
    "hasChannels": false
  },
  "SI": {
    "country": "Slovenia",
    "capital": "Ljubljana",
    "timeZone": "Europe/Ljubljana",
    "hasChannels": true
  },
  "SK": {
    "country": "Slovakia",
    "capital": "Bratislava",
    "timeZone": "Europe/Bratislava",
    "hasChannels": true
  },
  "SL": {
    "country": "Sierra Leone",
    "capital": "Freetown",
    "timeZone": "Africa/Freetown",
    "hasChannels": false
  },
  "SM": {
    "country": "San Marino",
    "capital": "San Marino",
    "timeZone": "Europe/San_Marino",
    "hasChannels": false
  },
  "SN": {
    "country": "Senegal",
    "capital": "Dakar",
    "timeZone": "Africa/Dakar",
    "hasChannels": true
  },
  "SO": {
    "country": "Somalia",
    "capital": "Mogadishu",
    "timeZone": "Africa/Mogadishu",
    "hasChannels": false
  },
  "SR": {
    "country": "Suriname",
    "capital": "Paramaribo",
    "timeZone": "America/Paramaribo",
    "hasChannels": true
  },
  "SS": {
    "country": "South Sudan",
    "capital": "Juba",
    "timeZone": "Africa/Juba",
    "hasChannels": false
  },
  "ST": {
    "country": "São Tomé and Príncipe",
    "capital": "São Tomé",
    "timeZone": "Africa/Sao_Tome",
    "hasChannels": false
  },
  "SV": {
    "country": "El Salvador",
    "capital": "San Salvador",
    "timeZone": "America/El_Salvador",
    "hasChannels": true
  },
  "SX": {
    "country": "Sint Maarten",
    "capital": "Philipsburg",
    "timeZone": "America/Lower_Princes",
    "hasChannels": true
  },
  "SY": {
    "country": "Syria",
    "capital": "Damascus",
    "timeZone": "Asia/Damascus",
    "hasChannels": true
  },
  "SZ": {
    "country": "Eswatini",
    "capital": "Mbabane",
    "timeZone": "Africa/Mbabane",
    "hasChannels": false
  },
  "TC": {
    "country": "Turks and Caicos Islands",
    "capital": "Cockburn Town",
    "timeZone": "America/Grand_Turk",
    "hasChannels": false
  },
  "TD": {
    "country": "Chad",
    "capital": "N'Djamena",
    "timeZone": "Africa/Ndjamena",
    "hasChannels": true
  },
  "TF": {
    "country": "French Southern Territories",
    "capital": "N/A",
    "timeZone": "Indian/Kerguelen",
    "hasChannels": false
  },
  "TG": {
    "country": "Togo",
    "capital": "Lomé",
    "timeZone": "Africa/Lome",
    "hasChannels": true
  },
  "TH": {
    "country": "Thailand",
    "capital": "Bangkok",
    "timeZone": "Asia/Bangkok",
    "hasChannels": true
  },
  "TJ": {
    "country": "Tajikistan",
    "capital": "Dushanbe",
    "timeZone": "Asia/Dushanbe",
    "hasChannels": true
  },
  "TK": {
    "country": "Tokelau",
    "capital": "N/A",
    "timeZone": "Pacific/Fakaofo",
    "hasChannels": false
  },
  "TL": {
    "country": "East Timor",
    "capital": "Dili",
    "timeZone": "Asia/Dili",
    "hasChannels": false
  },
  "TM": {
    "country": "Turkmenistan",
    "capital": "Ashgabat",
    "timeZone": "Asia/Ashgabat",
    "hasChannels": false
  },
  "TN": {
    "country": "Tunisia",
    "capital": "Tunis",
    "timeZone": "Africa/Tunis",
    "hasChannels": true
  },
  "TO": {
    "country": "Tonga",
    "capital": "Nuku'alofa",
    "timeZone": "Pacific/Tongatapu",
    "hasChannels": false
  },
  "TR": {
    "country": "Türkiye",
    "capital": "Ankara",
    "timeZone": "Europe/Istanbul",
    "hasChannels": true
  },
  "TT": {
    "country": "Trinidad and Tobago",
    "capital": "Port of Spain",
    "timeZone": "America/Port_of_Spain",
    "hasChannels": true
  },
  "TV": {
    "country": "Tuvalu",
    "capital": "Funafuti",
    "timeZone": "Pacific/Funafuti",
    "hasChannels": false
  },
  "TW": {
    "country": "Taiwan",
    "capital": "Taipei",
    "timeZone": "Asia/Taipei",
    "hasChannels": true
  },
  "TZ": {
    "country": "Tanzania",
    "capital": "Dodoma",
    "timeZone": "Africa/Dar_es_Salaam",
    "hasChannels": false
  },
  "UA": {
    "country": "Ukraine",
    "capital": "Kyiv",
    "timeZone": "Europe/Kiev",
    "hasChannels": true
  },
  "UG": {
    "country": "Uganda",
    "capital": "Kampala",
    "timeZone": "Africa/Kampala",
    "hasChannels": true
  },
  "UK": {
    "country": "United Kingdom",
    "capital": "London",
    "timeZone": "Europe/London",
    "hasChannels": true
  },
  "US": {
    "country": "United States",
    "capital": "Washington, D.C.",
    "timeZone": "America/New_York",
    "hasChannels": true
  },
  "UY": {
    "country": "Uruguay",
    "capital": "Montevideo",
    "timeZone": "America/Montevideo",
    "hasChannels": true
  },
  "UZ": {
    "country": "Uzbekistan",
    "capital": "Tashkent",
    "timeZone": "Asia/Tashkent",
    "hasChannels": true
  },
  "VA": {
    "country": "Vatican City",
    "capital": "Vatican City",
    "timeZone": "Europe/Vatican",
    "hasChannels": false
  },
  "VC": {
    "country": "Saint Vincent and the Grenadines",
    "capital": "Kingstown",
    "timeZone": "America/St_Vincent",
    "hasChannels": false
  },
  "VE": {
    "country": "Venezuela",
    "capital": "Caracas",
    "timeZone": "America/Caracas",
    "hasChannels": true
  },
  "VG": {
    "country": "British Virgin Islands",
    "capital": "Road Town",
    "timeZone": "America/Tortola",
    "hasChannels": true
  },
  "VI": {
    "country": "U.S. Virgin Islands",
    "capital": "Charlotte Amalie",
    "timeZone": "America/St_Thomas",
    "hasChannels": false
  },
  "VN": {
    "country": "Vietnam",
    "capital": "Hanoi",
    "timeZone": "Asia/Ho_Chi_Minh",
    "hasChannels": true
  },
  "VU": {
    "country": "Vanuatu",
    "capital": "Port Vila",
    "timeZone": "Pacific/Efate",
    "hasChannels": false
  },
  "WF": {
    "country": "Wallis and Futuna",
    "capital": "Mata-Utu",
    "timeZone": "Pacific/Wallis",
    "hasChannels": false
  },
  "WS": {
    "country": "Samoa",
    "capital": "Apia",
    "timeZone": "Pacific/Apia",
    "hasChannels": true
  },
  "XC": {
    "country": "Northern Cyprus",
    "capital": "North Nicosia",
    "timeZone": "Asia/Nicosia",
    "hasChannels": false
  },
  "XK": {
    "country": "Kosovo",
    "capital": "Pristina",
    "timeZone": "Europe/Belgrade",
    "hasChannels": true
  },
  "XS": {
    "country": "Somaliland",
    "capital": "Hargeisa",
    "timeZone": "Africa/Mogadishu",
    "hasChannels": false
  },
  "YE": {
    "country": "Yemen",
    "capital": "Sana'a",
    "timeZone": "Asia/Aden",
    "hasChannels": true
  },
  "YT": {
    "country": "Mayotte",
    "capital": "Mamoudzou",
    "timeZone": "Indian/Mayotte",
    "hasChannels": false
  },
  "ZA": {
    "country": "South Africa",
    "capital": "Pretoria",
    "timeZone": "Africa/Johannesburg",
    "hasChannels": true
  },
  "ZM": {
    "country": "Zambia",
    "capital": "Lusaka",
    "timeZone": "Africa/Lusaka",
    "hasChannels": false
  },
  "ZW": {
    "country": "Zimbabwe",
    "capital": "Harare",
    "timeZone": "Africa/Harare",
    "hasChannels": false
  }
}